,links,titles,htmlFormattedUrl,display link,snippet,cache,html title
0,https://en.wikipedia.org/wiki/Artificial_intelligence,Artificial intelligence - Wikipedia,Artificial intelligence - Wikipediaen.wikipedia.org › wiki › Artificial_intelligence,Artificial intelligence - Wikipediaen.wikipedia.org,Artificial intelligence - Wikipediaen.wikipedia.org  wiki  Artificial_intelligence,Artificial intelligence - Wikipediaen.wikipedia.org  wiki  Artificial_intelligence,Artificial intelligence - Wikipediaen.wikipedia.org › wiki › Artificial_intelligence
1,https://www.investopedia.com/terms/a/artificial-intelligence-ai.asp,Artificial Intelligence: What It Is and How It Is Used - Investopedia,Artificial Intelligence: What It Is and How It Is Used - Investopediawww.investopedia.com › Investing › Alternative Investments,Artificial Intelligence: What It Is and How It Is Used - Investopediawww.investopedia.com,Artificial Intelligence: What It Is and How It Is Used - Investopediawww.investopedia.com  Investing  Alternative Investments,Artificial Intelligence: What It Is and How It Is Used - Investopediawww.investopedia.com  Investing  Alternative Investments,Artificial Intelligence: What It Is and How It Is Used - Investopediawww.investopedia.com › Investing › Alternative Investments
2,https://www.techtarget.com/searchenterpriseai/definition/AI-Artificial-Intelligence,"What is Artificial Intelligence (AI)? Definition, Benefits and Use Cases","What is Artificial Intelligence (AI)? Definition, Benefits and Use Caseswww.techtarget.com › searchenterpriseai › AI-Artificial-Intelligence","What is Artificial Intelligence (AI)? Definition, Benefits and Use Caseswww.techtarget.com","What is Artificial Intelligence (AI)? Definition, Benefits and Use Caseswww.techtarget.com  searchenterpriseai  AI-Artificial-Intelligence","What is Artificial Intelligence (AI)? Definition, Benefits and Use Caseswww.techtarget.com  searchenterpriseai  AI-Artificial-Intelligence","What is Artificial Intelligence (AI)? Definition, Benefits and Use Caseswww.techtarget.com › searchenterpriseai › AI-Artificial-Intelligence"
3,https://www.oracle.com/artificial-intelligence/what-is-ai/,What is AI? Learn about Artificial Intelligence - Oracle,What is AI? Learn about Artificial Intelligence - Oraclewww.oracle.com › Cloud › Artificial Intelligence,What is AI? Learn about Artificial Intelligence - Oraclewww.oracle.com,What is AI? Learn about Artificial Intelligence - Oraclewww.oracle.com  Cloud  Artificial Intelligence,What is AI? Learn about Artificial Intelligence - Oraclewww.oracle.com  Cloud  Artificial Intelligence,What is AI? Learn about Artificial Intelligence - Oraclewww.oracle.com › Cloud › Artificial Intelligence
4,https://builtin.com/artificial-intelligence,What Is Artificial Intelligence (AI)? How Does AI Work? | Built In,What Is Artificial Intelligence (AI)? How Does AI Work? | Built Inbuiltin.com › artificial-intelligence,What Is Artificial Intelligence (AI)? How Does AI Work? | Built Inbuiltin.com,What Is Artificial Intelligence (AI)? How Does AI Work? | Built Inbuiltin.com  artificial-intelligence,What Is Artificial Intelligence (AI)? How Does AI Work? | Built Inbuiltin.com  artificial-intelligence,What Is Artificial Intelligence (AI)? How Does AI Work? | Built Inbuiltin.com › artificial-intelligence
5,https://www.britannica.com/technology/artificial-intelligence,"artificial intelligence | Definition, Examples, Types, Applications ...","artificial intelligence | Definition, Examples, Types, Applications ...www.britannica.com › Technology › Computers","artificial intelligence | Definition, Examples, Types, Applications ...www.britannica.com","artificial intelligence | Definition, Examples, Types, Applications ...www.britannica.com  Technology  Computers","artificial intelligence | Definition, Examples, Types, Applications ...www.britannica.com  Technology  Computers","artificial intelligence | Definition, Examples, Types, Applications ...www.britannica.com › Technology › Computers"
6,https://www.ibm.com/cloud/learn/what-is-artificial-intelligence,What is Artificial Intelligence (AI)? | IBM,What is Artificial Intelligence (AI)? | IBMwww.ibm.com › Cloud › Cloud Learn,What is Artificial Intelligence (AI)? | IBMwww.ibm.com,What is Artificial Intelligence (AI)? | IBMwww.ibm.com  Cloud  Cloud Learn,What is Artificial Intelligence (AI)? | IBMwww.ibm.com  Cloud  Cloud Learn,What is Artificial Intelligence (AI)? | IBMwww.ibm.com › Cloud › Cloud Learn
7,https://www.imdb.com/title/tt0212720/,A.I. Artificial Intelligence (2001) - IMDb,A.I. Artificial Intelligence (2001) - IMDbwww.imdb.com › title,A.I. Artificial Intelligence (2001) - IMDbwww.imdb.com,A.I. Artificial Intelligence (2001) - IMDbwww.imdb.com  title,A.I. Artificial Intelligence (2001) - IMDbwww.imdb.com  title,A.I. Artificial Intelligence (2001) - IMDbwww.imdb.com › title
8,https://www.sas.com/en_us/insights/analytics/what-is-artificial-intelligence.html,Artificial Intelligence (AI): What it is and why it matters | SAS,Artificial Intelligence (AI): What it is and why it matters | SASwww.sas.com › SAS Insights › Analytics Insights,Artificial Intelligence (AI): What it is and why it matters | SASwww.sas.com,Artificial Intelligence (AI): What it is and why it matters | SASwww.sas.com  SAS Insights  Analytics Insights,Artificial Intelligence (AI): What it is and why it matters | SASwww.sas.com  SAS Insights  Analytics Insights,Artificial Intelligence (AI): What it is and why it matters | SASwww.sas.com › SAS Insights › Analytics Insights
9,https://futureoflife.org/background/benefits-risks-of-artificial-intelligence/,Benefits & Risks of Artificial Intelligence - Future of Life Institute,Benefits & Risks of Artificial Intelligence - Future of Life Institutefutureoflife.org › background › benefits-risks-of-artificial-intelligence,Benefits & Risks of Artificial Intelligence - Future of Life Institutefutureoflife.org,Benefits & Risks of Artificial Intelligence - Future of Life Institutefutureoflife.org  background  benefits-risks-of-artificial-intelligence,Benefits & Risks of Artificial Intelligence - Future of Life Institutefutureoflife.org  background  benefits-risks-of-artificial-intelligence,Benefits & Risks of Artificial Intelligence - Future of Life Institutefutureoflife.org › background › benefits-risks-of-artificial-intelligence
10,https://www.brookings.edu/research/what-is-artificial-intelligence/,What is artificial intelligence? - Brookings Institution,What is artificial intelligence? - Brookings Institutionwww.brookings.edu › research › what-is-artificial-intelligence,What is artificial intelligence? - Brookings Institutionwww.brookings.edu,What is artificial intelligence? - Brookings Institutionwww.brookings.edu  research  what-is-artificial-intelligence,What is artificial intelligence? - Brookings Institutionwww.brookings.edu  research  what-is-artificial-intelligence,What is artificial intelligence? - Brookings Institutionwww.brookings.edu › research › what-is-artificial-intelligence
11,https://www.aaai.org/,Association for the Advancement of Artificial Intelligence,Association for the Advancement of Artificial Intelligencewww.aaai.org,Association for the Advancement of Artificial Intelligencewww.aaai.org,Association for the Advancement of Artificial Intelligencewww.aaai.org,Association for the Advancement of Artificial Intelligencewww.aaai.org,Association for the Advancement of Artificial Intelligencewww.aaai.org
12,https://www.nist.gov/artificial-intelligence,Artificial intelligence | NIST,Artificial intelligence | NISTwww.nist.gov › artificial-intelligence,Artificial intelligence | NISTwww.nist.gov,Artificial intelligence | NISTwww.nist.gov  artificial-intelligence,Artificial intelligence | NISTwww.nist.gov  artificial-intelligence,Artificial intelligence | NISTwww.nist.gov › artificial-intelligence
13,https://www.accenture.com/us-en/insights/artificial-intelligence-summary-index,What is Artificial Intelligence (AI) & Why is it Important? | Accenture,What is Artificial Intelligence (AI) & Why is it Important? | Accenturewww.accenture.com › insights › artificial-intelligence-summary-index,What is Artificial Intelligence (AI) & Why is it Important? | Accenturewww.accenture.com,What is Artificial Intelligence (AI) & Why is it Important? | Accenturewww.accenture.com  insights  artificial-intelligence-summary-index,What is Artificial Intelligence (AI) & Why is it Important? | Accenturewww.accenture.com  insights  artificial-intelligence-summary-index,What is Artificial Intelligence (AI) & Why is it Important? | Accenturewww.accenture.com › insights › artificial-intelligence-summary-index
14,https://www.simplilearn.com/tutorials/artificial-intelligence-tutorial/what-is-artificial-intelligence,"What is Artificial Intelligence: Types, History, and Future [2022 Edition]","What is Artificial Intelligence: Types, History, and Future [2022 Edition]www.simplilearn.com › ... › Artificial Intelligence Tutorial for Beginners","What is Artificial Intelligence: Types, History, and Future [2022 Edition]www.simplilearn.com","What is Artificial Intelligence: Types, History, and Future [2022 Edition]www.simplilearn.com  ...  Artificial Intelligence Tutorial for Beginners","What is Artificial Intelligence: Types, History, and Future [2022 Edition]www.simplilearn.com  ...  Artificial Intelligence Tutorial for Beginners","What is Artificial Intelligence: Types, History, and Future [2022 Edition]www.simplilearn.com › ... › Artificial Intelligence Tutorial for Beginners"
15,https://www.netapp.com/artificial-intelligence/what-is-artificial-intelligence/,What Is Artificial Intelligence or AI and why is it Important | NetApp,What Is Artificial Intelligence or AI and why is it Important | NetAppwww.netapp.com › Artificial Intelligence,What Is Artificial Intelligence or AI and why is it Important | NetAppwww.netapp.com,What Is Artificial Intelligence or AI and why is it Important | NetAppwww.netapp.com  Artificial Intelligence,What Is Artificial Intelligence or AI and why is it Important | NetAppwww.netapp.com  Artificial Intelligence,What Is Artificial Intelligence or AI and why is it Important | NetAppwww.netapp.com › Artificial Intelligence
16,https://www.udacity.com/course/ai-artificial-intelligence-nanodegree--nd898,Artificial Intelligence Course - Nanodegree Program - Udacity,Artificial Intelligence Course - Nanodegree Program - Udacitywww.udacity.com › Courses › Artificial Intelligence,Artificial Intelligence Course - Nanodegree Program - Udacitywww.udacity.com,Artificial Intelligence Course - Nanodegree Program - Udacitywww.udacity.com  Courses  Artificial Intelligence,Artificial Intelligence Course - Nanodegree Program - Udacitywww.udacity.com  Courses  Artificial Intelligence,Artificial Intelligence Course - Nanodegree Program - Udacitywww.udacity.com › Courses › Artificial Intelligence
17,https://www.journals.elsevier.com/artificial-intelligence,Artificial Intelligence - Journals | Elsevier,Artificial Intelligence - Journals | Elsevierwww.journals.elsevier.com › Journals,Artificial Intelligence - Journals | Elsevierwww.journals.elsevier.com,Artificial Intelligence - Journals | Elsevierwww.journals.elsevier.com  Journals,Artificial Intelligence - Journals | Elsevierwww.journals.elsevier.com  Journals,Artificial Intelligence - Journals | Elsevierwww.journals.elsevier.com › Journals
18,https://www.gartner.com/en/information-technology/glossary/artificial-intelligence,Definition of Artificial Intelligence (AI) - IT Glossary - Gartner,Definition of Artificial Intelligence (AI) - IT Glossary - Gartnerwww.gartner.com › information-technology › artificial-intelligence,Definition of Artificial Intelligence (AI) - IT Glossary - Gartnerwww.gartner.com,Definition of Artificial Intelligence (AI) - IT Glossary - Gartnerwww.gartner.com  information-technology  artificial-intelligence,Definition of Artificial Intelligence (AI) - IT Glossary - Gartnerwww.gartner.com  information-technology  artificial-intelligence,Definition of Artificial Intelligence (AI) - IT Glossary - Gartnerwww.gartner.com › information-technology › artificial-intelligence
19,https://www.state.gov/artificial-intelligence/,Artificial Intelligence (AI) - United States Department of State,Artificial Intelligence (AI) - United States Department of Statewww.state.gov › artificial-intelligence,Artificial Intelligence (AI) - United States Department of Statewww.state.gov,Artificial Intelligence (AI) - United States Department of Statewww.state.gov  artificial-intelligence,Artificial Intelligence (AI) - United States Department of Statewww.state.gov  artificial-intelligence,Artificial Intelligence (AI) - United States Department of Statewww.state.gov › artificial-intelligence
20,https://www.oecd.org/digital/artificial-intelligence/,Artificial intelligence - OECD,Artificial intelligence - OECDwww.oecd.org › digital › artificial-intelligence,Artificial intelligence - OECDwww.oecd.org,Artificial intelligence - OECDwww.oecd.org  digital  artificial-intelligence,Artificial intelligence - OECDwww.oecd.org  digital  artificial-intelligence,Artificial intelligence - OECDwww.oecd.org › digital › artificial-intelligence
21,http://aima.cs.berkeley.edu/,"Artificial Intelligence: A Modern Approach, 4th US ed.","Artificial Intelligence: A Modern Approach, 4th US ed.aima.cs.berkeley.edu","Artificial Intelligence: A Modern Approach, 4th US ed.aima.cs.berkeley.edu","Artificial Intelligence: A Modern Approach, 4th US ed.aima.cs.berkeley.edu","Artificial Intelligence: A Modern Approach, 4th US ed.aima.cs.berkeley.edu","Artificial Intelligence: A Modern Approach, 4th US ed.aima.cs.berkeley.edu"
22,https://www.wired.com/tag/artificial-intelligence/,"Artificial Intelligence | Latest News, Photos & Videos | WIRED","Artificial Intelligence | Latest News, Photos & Videos | WIREDwww.wired.com › tag › artificial-intelligence","Artificial Intelligence | Latest News, Photos & Videos | WIREDwww.wired.com","Artificial Intelligence | Latest News, Photos & Videos | WIREDwww.wired.com  tag  artificial-intelligence","Artificial Intelligence | Latest News, Photos & Videos | WIREDwww.wired.com  tag  artificial-intelligence","Artificial Intelligence | Latest News, Photos & Videos | WIREDwww.wired.com › tag › artificial-intelligence"
23,https://www.mygreatlearning.com/blog/what-is-artificial-intelligence/,"What is Artificial Intelligence? Types, Trends and Future of it?","What is Artificial Intelligence? Types, Trends and Future of it?www.mygreatlearning.com › Blog › AI and Machine Learning","What is Artificial Intelligence? Types, Trends and Future of it?www.mygreatlearning.com","What is Artificial Intelligence? Types, Trends and Future of it?www.mygreatlearning.com  Blog  AI and Machine Learning","What is Artificial Intelligence? Types, Trends and Future of it?www.mygreatlearning.com  Blog  AI and Machine Learning","What is Artificial Intelligence? Types, Trends and Future of it?www.mygreatlearning.com › Blog › AI and Machine Learning"
24,https://www.technologyreview.com/topic/artificial-intelligence/,Artificial intelligence | MIT Technology Review,Artificial intelligence | MIT Technology Reviewwww.technologyreview.com › topic › artificial-intelligence,Artificial intelligence | MIT Technology Reviewwww.technologyreview.com,Artificial intelligence | MIT Technology Reviewwww.technologyreview.com  topic  artificial-intelligence,Artificial intelligence | MIT Technology Reviewwww.technologyreview.com  topic  artificial-intelligence,Artificial intelligence | MIT Technology Reviewwww.technologyreview.com › topic › artificial-intelligence
25,https://www.sciencedirect.com/journal/artificial-intelligence,AIJ | Artificial Intelligence | Journal | ScienceDirect.com by Elsevier,AIJ | Artificial Intelligence | Journal | ScienceDirect.com by Elsevierwww.sciencedirect.com › journal › artificial-intelligence,AIJ | Artificial Intelligence | Journal | ScienceDirect.com by Elsevierwww.sciencedirect.com,AIJ | Artificial Intelligence | Journal | ScienceDirect.com by Elsevierwww.sciencedirect.com  journal  artificial-intelligence,AIJ | Artificial Intelligence | Journal | ScienceDirect.com by Elsevierwww.sciencedirect.com  journal  artificial-intelligence,AIJ | Artificial Intelligence | Journal | ScienceDirect.com by Elsevierwww.sciencedirect.com › journal › artificial-intelligence
26,https://www.edx.org/course/artificial-intelligence-ai,Artificial Intelligence (AI) - edX,Artificial Intelligence (AI) - edXwww.edx.org › course › artificial-intelligence-ai,Artificial Intelligence (AI) - edXwww.edx.org,Artificial Intelligence (AI) - edXwww.edx.org  course  artificial-intelligence-ai,Artificial Intelligence (AI) - edXwww.edx.org  course  artificial-intelligence-ai,Artificial Intelligence (AI) - edXwww.edx.org › course › artificial-intelligence-ai
27,https://www.microsoft.com/en-us/research/research-area/artificial-intelligence/,Artificial Intelligence research at Microsoft aims to enrich our ...,Artificial Intelligence research at Microsoft aims to enrich our ...www.microsoft.com › en-us › research › research-area › artificial-intelligen...,Artificial Intelligence research at Microsoft aims to enrich our ...www.microsoft.com,Artificial Intelligence research at Microsoft aims to enrich our ...www.microsoft.com  en-us  research  research-area  artificial-intelligen...,Artificial Intelligence research at Microsoft aims to enrich our ...www.microsoft.com  en-us  research  research-area  artificial-intelligen...,Artificial Intelligence research at Microsoft aims to enrich our ...www.microsoft.com › en-us › research › research-area › artificial-intelligen...
28,https://www.ncbi.nlm.nih.gov/pmc/articles/PMC6616181/,The potential for artificial intelligence in healthcare - PMC - NCBI,The potential for artificial intelligence in healthcare - PMC - NCBIwww.ncbi.nlm.nih.gov › pmc › articles › PMC6616181,The potential for artificial intelligence in healthcare - PMC - NCBIwww.ncbi.nlm.nih.gov,The potential for artificial intelligence in healthcare - PMC - NCBIwww.ncbi.nlm.nih.gov  pmc  articles  PMC6616181,The potential for artificial intelligence in healthcare - PMC - NCBIwww.ncbi.nlm.nih.gov  pmc  articles  PMC6616181,The potential for artificial intelligence in healthcare - PMC - NCBIwww.ncbi.nlm.nih.gov › pmc › articles › PMC6616181
29,https://www.weforum.org/topics/artificial-intelligence-and-robotics,Artificial Intelligence - The World Economic Forum,Artificial Intelligence - The World Economic Forumwww.weforum.org › topics › artificial-intelligence-and-robotics,Artificial Intelligence - The World Economic Forumwww.weforum.org,Artificial Intelligence - The World Economic Forumwww.weforum.org  topics  artificial-intelligence-and-robotics,Artificial Intelligence - The World Economic Forumwww.weforum.org  topics  artificial-intelligence-and-robotics,Artificial Intelligence - The World Economic Forumwww.weforum.org › topics › artificial-intelligence-and-robotics
30,https://plato.stanford.edu/entries/artificial-intelligence/,Artificial Intelligence - Stanford Encyclopedia of Philosophy,Artificial Intelligence - Stanford Encyclopedia of Philosophyplato.stanford.edu › entries › artificial-intelligence,Artificial Intelligence - Stanford Encyclopedia of Philosophyplato.stanford.edu,Artificial Intelligence - Stanford Encyclopedia of Philosophyplato.stanford.edu  entries  artificial-intelligence,Artificial Intelligence - Stanford Encyclopedia of Philosophyplato.stanford.edu  entries  artificial-intelligence,Artificial Intelligence - Stanford Encyclopedia of Philosophyplato.stanford.edu › entries › artificial-intelligence
31,https://www.zdnet.com/article/what-is-ai-heres-everything-you-need-to-know-about-artificial-intelligence/,What is AI? Here's everything you need to know about artificial ...,What is AI? Here's everything you need to know about artificial ...www.zdnet.com › Innovation › AI & Robotics,What is AI? Here's everything you need to know about artificial ...www.zdnet.com,What is AI? Here's everything you need to know about artificial ...www.zdnet.com  Innovation  AI & Robotics,What is AI? Here's everything you need to know about artificial ...www.zdnet.com  Innovation  AI & Robotics,What is AI? Here's everything you need to know about artificial ...www.zdnet.com › Innovation › AI & Robotics
32,https://www.businessnewsdaily.com/9402-artificial-intelligence-business-trends.html,How Artificial Intelligence Will Transform Businesses,How Artificial Intelligence Will Transform Businesseswww.businessnewsdaily.com › Grow Your Business › Technology,How Artificial Intelligence Will Transform Businesseswww.businessnewsdaily.com,How Artificial Intelligence Will Transform Businesseswww.businessnewsdaily.com  Grow Your Business  Technology,How Artificial Intelligence Will Transform Businesseswww.businessnewsdaily.com  Grow Your Business  Technology,How Artificial Intelligence Will Transform Businesseswww.businessnewsdaily.com › Grow Your Business › Technology
33,https://en.unesco.org/artificial-intelligence,Artificial Intelligence - UNESCO,Artificial Intelligence - UNESCOen.unesco.org › artificial-intelligence,Artificial Intelligence - UNESCOen.unesco.org,Artificial Intelligence - UNESCOen.unesco.org  artificial-intelligence,Artificial Intelligence - UNESCOen.unesco.org  artificial-intelligence,Artificial Intelligence - UNESCOen.unesco.org › artificial-intelligence
34,https://www.merriam-webster.com/dictionary/artificial%2520intelligence,Artificial intelligence Definition & Meaning - Merriam-Webster,Artificial intelligence Definition & Meaning - Merriam-Websterwww.merriam-webster.com › dictionary › artificial intelligence,Artificial intelligence Definition & Meaning - Merriam-Websterwww.merriam-webster.com,Artificial intelligence Definition & Meaning - Merriam-Websterwww.merriam-webster.com  dictionary  artificial intelligence,Artificial intelligence Definition & Meaning - Merriam-Websterwww.merriam-webster.com  dictionary  artificial intelligence,Artificial intelligence Definition & Meaning - Merriam-Websterwww.merriam-webster.com › dictionary › artificial intelligence
35,https://www.pewresearch.org/internet/2018/12/10/artificial-intelligence-and-the-future-of-humans/,Artificial Intelligence and the Future of Humans | Pew Research Center,Artificial Intelligence and the Future of Humans | Pew Research Centerwww.pewresearch.org › ... › Internet & Technology › Emerging Technology,Artificial Intelligence and the Future of Humans | Pew Research Centerwww.pewresearch.org,Artificial Intelligence and the Future of Humans | Pew Research Centerwww.pewresearch.org  ...  Internet & Technology  Emerging Technology,Artificial Intelligence and the Future of Humans | Pew Research Centerwww.pewresearch.org  ...  Internet & Technology  Emerging Technology,Artificial Intelligence and the Future of Humans | Pew Research Centerwww.pewresearch.org › ... › Internet & Technology › Emerging Technology
36,https://www.theverge.com/ai-artificial-intelligence,Artificial Intelligence - The Verge,Artificial Intelligence - The Vergewww.theverge.com › ai-artificial-intelligence,Artificial Intelligence - The Vergewww.theverge.com,Artificial Intelligence - The Vergewww.theverge.com  ai-artificial-intelligence,Artificial Intelligence - The Vergewww.theverge.com  ai-artificial-intelligence,Artificial Intelligence - The Vergewww.theverge.com › ai-artificial-intelligence
37,https://digital-strategy.ec.europa.eu/en/policies/european-approach-artificial-intelligence,A European approach to artificial intelligence,A European approach to artificial intelligencedigital-strategy.ec.europa.eu › policies › european-approach-artificial-intell...,A European approach to artificial intelligencedigital-strategy.ec.europa.eu,A European approach to artificial intelligencedigital-strategy.ec.europa.eu  policies  european-approach-artificial-intell...,A European approach to artificial intelligencedigital-strategy.ec.europa.eu  policies  european-approach-artificial-intell...,A European approach to artificial intelligencedigital-strategy.ec.europa.eu › policies › european-approach-artificial-intell...
38,https://www.energy.gov/ai/artificial-intelligence-technology-office,Artificial Intelligence & Technology Office | Department of Energy,Artificial Intelligence & Technology Office | Department of Energywww.energy.gov › artificial-intelligence-technology-office,Artificial Intelligence & Technology Office | Department of Energywww.energy.gov,Artificial Intelligence & Technology Office | Department of Energywww.energy.gov  artificial-intelligence-technology-office,Artificial Intelligence & Technology Office | Department of Energywww.energy.gov  artificial-intelligence-technology-office,Artificial Intelligence & Technology Office | Department of Energywww.energy.gov › artificial-intelligence-technology-office
39,https://slate.com/technology/2022/10/artificial-intelligence-superintelligence-gullibility.html,The Real Threat From A.I. Isn't Superintelligence. It's Gullibility.,The Real Threat From A.I. Isn't Superintelligence. It's Gullibility.slate.com › 2022/10 › artificial-intelligence-superintelligence-gullibility,The Real Threat From A.I. Isn't Superintelligence. It's Gullibility.slate.com,The Real Threat From A.I. Isn't Superintelligence. It's Gullibility.slate.com  2022/10  artificial-intelligence-superintelligence-gullibility,The Real Threat From A.I. Isn't Superintelligence. It's Gullibility.slate.com  2022/10  artificial-intelligence-superintelligence-gullibility,The Real Threat From A.I. Isn't Superintelligence. It's Gullibility.slate.com › 2022/10 › artificial-intelligence-superintelligence-gullibility
40,https://www.frontiersin.org/journals/artificial-intelligence,Frontiers in Artificial Intelligence,Frontiers in Artificial Intelligencewww.frontiersin.org › journals › artificial-intelligence,Frontiers in Artificial Intelligencewww.frontiersin.org,Frontiers in Artificial Intelligencewww.frontiersin.org  journals  artificial-intelligence,Frontiers in Artificial Intelligencewww.frontiersin.org  journals  artificial-intelligence,Frontiers in Artificial Intelligencewww.frontiersin.org › journals › artificial-intelligence
41,https://ai.google/,Google AI,Google AIai.google,Google AIai.google,Google AIai.google,Google AIai.google,Google AIai.google
42,https://iep.utm.edu/artificial-intelligence/,Artificial Intelligence | Internet Encyclopedia of Philosophy,Artificial Intelligence | Internet Encyclopedia of Philosophyiep.utm.edu › artificial-intelligence,Artificial Intelligence | Internet Encyclopedia of Philosophyiep.utm.edu,Artificial Intelligence | Internet Encyclopedia of Philosophyiep.utm.edu  artificial-intelligence,Artificial Intelligence | Internet Encyclopedia of Philosophyiep.utm.edu  artificial-intelligence,Artificial Intelligence | Internet Encyclopedia of Philosophyiep.utm.edu › artificial-intelligence
43,https://arxiv.org/list/cs.AI/recent,Artificial Intelligence authors/titles recent submissions - arXiv,Artificial Intelligence authors/titles recent submissions - arXivarxiv.org › cs,Artificial Intelligence authors/titles recent submissions - arXivarxiv.org,Artificial Intelligence authors/titles recent submissions - arXivarxiv.org  cs,Artificial Intelligence authors/titles recent submissions - arXivarxiv.org  cs,Artificial Intelligence authors/titles recent submissions - arXivarxiv.org › cs
44,https://www.theguardian.com/technology/artificialintelligenceai,Artificial intelligence (AI) | Technology | The Guardian,Artificial intelligence (AI) | Technology | The Guardianwww.theguardian.com › technology › artificialintelligenceai,Artificial intelligence (AI) | Technology | The Guardianwww.theguardian.com,Artificial intelligence (AI) | Technology | The Guardianwww.theguardian.com  technology  artificialintelligenceai,Artificial intelligence (AI) | Technology | The Guardianwww.theguardian.com  technology  artificialintelligenceai,Artificial intelligence (AI) | Technology | The Guardianwww.theguardian.com › technology › artificialintelligenceai
45,https://spectrum.ieee.org/topic/artificial-intelligence/,Artificial Intelligence News & Articles - IEEE Spectrum,Artificial Intelligence News & Articles - IEEE Spectrumspectrum.ieee.org › topic › artificial-intelligence,Artificial Intelligence News & Articles - IEEE Spectrumspectrum.ieee.org,Artificial Intelligence News & Articles - IEEE Spectrumspectrum.ieee.org  topic  artificial-intelligence,Artificial Intelligence News & Articles - IEEE Spectrumspectrum.ieee.org  topic  artificial-intelligence,Artificial Intelligence News & Articles - IEEE Spectrumspectrum.ieee.org › topic › artificial-intelligence
46,https://www.sciencedaily.com/news/computers_math/artificial_intelligence/,Artificial Intelligence News - ScienceDaily,Artificial Intelligence News - ScienceDailywww.sciencedaily.com › news › computers_math › artificial_intelligence,Artificial Intelligence News - ScienceDailywww.sciencedaily.com,Artificial Intelligence News - ScienceDailywww.sciencedaily.com  news  computers_math  artificial_intelligence,Artificial Intelligence News - ScienceDailywww.sciencedaily.com  news  computers_math  artificial_intelligence,Artificial Intelligence News - ScienceDailywww.sciencedaily.com › news › computers_math › artificial_intelligence
47,https://www.springer.com/journal/10462,Artificial Intelligence Review | Home - Springer,Artificial Intelligence Review | Home - Springerwww.springer.com › journal,Artificial Intelligence Review | Home - Springerwww.springer.com,Artificial Intelligence Review | Home - Springerwww.springer.com  journal,Artificial Intelligence Review | Home - Springerwww.springer.com  journal,Artificial Intelligence Review | Home - Springerwww.springer.com › journal
48,https://www.hpe.com/us/en/what-is/artificial-intelligence.html,What is Artificial Intelligence (AI)? | Glossary | HPE,What is Artificial Intelligence (AI)? | Glossary | HPEwww.hpe.com › what-is › artificial-intelligence,What is Artificial Intelligence (AI)? | Glossary | HPEwww.hpe.com,What is Artificial Intelligence (AI)? | Glossary | HPEwww.hpe.com  what-is  artificial-intelligence,What is Artificial Intelligence (AI)? | Glossary | HPEwww.hpe.com  what-is  artificial-intelligence,What is Artificial Intelligence (AI)? | Glossary | HPEwww.hpe.com › what-is › artificial-intelligence
49,https://www.techopedia.com/definition/190/artificial-intelligence-ai,What is Artificial Intelligence (AI)? - Definition from Techopedia,What is Artificial Intelligence (AI)? - Definition from Techopediawww.techopedia.com › ... › Machine Learning › Artificial Intelligence (AI),What is Artificial Intelligence (AI)? - Definition from Techopediawww.techopedia.com,What is Artificial Intelligence (AI)? - Definition from Techopediawww.techopedia.com  ...  Machine Learning  Artificial Intelligence (AI),What is Artificial Intelligence (AI)? - Definition from Techopediawww.techopedia.com  ...  Machine Learning  Artificial Intelligence (AI),What is Artificial Intelligence (AI)? - Definition from Techopediawww.techopedia.com › ... › Machine Learning › Artificial Intelligence (AI)
50,https://www.dictionary.com/browse/artificial-intelligence,Artificial intelligence Definition & Meaning - Dictionary.com,Artificial intelligence Definition & Meaning - Dictionary.comwww.dictionary.com › browse › artificial-intelligence,Artificial intelligence Definition & Meaning - Dictionary.comwww.dictionary.com,Artificial intelligence Definition & Meaning - Dictionary.comwww.dictionary.com  browse  artificial-intelligence,Artificial intelligence Definition & Meaning - Dictionary.comwww.dictionary.com  browse  artificial-intelligence,Artificial intelligence Definition & Meaning - Dictionary.comwww.dictionary.com › browse › artificial-intelligence
51,https://deepai.org/machine-learning-glossary-and-terms/artificial-intelligence,Artificial Intelligence Definition | DeepAI,Artificial Intelligence Definition | DeepAIdeepai.org › machine-learning-glossary-and-terms › artificial-intelligence,Artificial Intelligence Definition | DeepAIdeepai.org,Artificial Intelligence Definition | DeepAIdeepai.org  machine-learning-glossary-and-terms  artificial-intelligence,Artificial Intelligence Definition | DeepAIdeepai.org  machine-learning-glossary-and-terms  artificial-intelligence,Artificial Intelligence Definition | DeepAIdeepai.org › machine-learning-glossary-and-terms › artificial-intelligence
52,https://www.sciencealert.com/artificial-intelligence,What Is Artificial Intelligence? - ScienceAlert,What Is Artificial Intelligence? - ScienceAlertwww.sciencealert.com › artificial-intelligence,What Is Artificial Intelligence? - ScienceAlertwww.sciencealert.com,What Is Artificial Intelligence? - ScienceAlertwww.sciencealert.com  artificial-intelligence,What Is Artificial Intelligence? - ScienceAlertwww.sciencealert.com  artificial-intelligence,What Is Artificial Intelligence? - ScienceAlertwww.sciencealert.com › artificial-intelligence
53,https://aws.amazon.com/machine-learning/what-is-ai/,What is Artificial Intelligence (AI)? — Amazon Web Services,What is Artificial Intelligence (AI)? — Amazon Web Servicesaws.amazon.com › machine-learning › what-is-ai,What is Artificial Intelligence (AI)? — Amazon Web Servicesaws.amazon.com,What is Artificial Intelligence (AI)? — Amazon Web Servicesaws.amazon.com  machine-learning  what-is-ai,What is Artificial Intelligence (AI)? — Amazon Web Servicesaws.amazon.com  machine-learning  what-is-ai,What is Artificial Intelligence (AI)? — Amazon Web Servicesaws.amazon.com › machine-learning › what-is-ai
54,https://www.nature.com/articles/s42254-022-00518-3,On scientific understanding with artificial intelligence - Nature,On scientific understanding with artificial intelligence - Naturewww.nature.com › nature reviews physics › perspectives,On scientific understanding with artificial intelligence - Naturewww.nature.com,On scientific understanding with artificial intelligence - Naturewww.nature.com  nature reviews physics  perspectives,On scientific understanding with artificial intelligence - Naturewww.nature.com  nature reviews physics  perspectives,On scientific understanding with artificial intelligence - Naturewww.nature.com › nature reviews physics › perspectives
55,https://www.tutorialspoint.com/artificial_intelligence/artificial_intelligence_overview.htm,Artificial Intelligence - Overview - Tutorialspoint,Artificial Intelligence - Overview - Tutorialspointwww.tutorialspoint.com › artificial_intelligence › artificial_intelligence_ov...,Artificial Intelligence - Overview - Tutorialspointwww.tutorialspoint.com,Artificial Intelligence - Overview - Tutorialspointwww.tutorialspoint.com  artificial_intelligence  artificial_intelligence_ov...,Artificial Intelligence - Overview - Tutorialspointwww.tutorialspoint.com  artificial_intelligence  artificial_intelligence_ov...,Artificial Intelligence - Overview - Tutorialspointwww.tutorialspoint.com › artificial_intelligence › artificial_intelligence_ov...
56,https://sitn.hms.harvard.edu/flash/2017/history-artificial-intelligence/,The History of Artificial Intelligence - Science in the News,The History of Artificial Intelligence - Science in the Newssitn.hms.harvard.edu › flash › history-artificial-intelligence,The History of Artificial Intelligence - Science in the Newssitn.hms.harvard.edu,The History of Artificial Intelligence - Science in the Newssitn.hms.harvard.edu  flash  history-artificial-intelligence,The History of Artificial Intelligence - Science in the Newssitn.hms.harvard.edu  flash  history-artificial-intelligence,The History of Artificial Intelligence - Science in the Newssitn.hms.harvard.edu › flash › history-artificial-intelligence
57,https://www.psychologytoday.com/us/basics/artificial-intelligence,Artificial Intelligence | Psychology Today,Artificial Intelligence | Psychology Todaywww.psychologytoday.com › basics › artificial-intelligence,Artificial Intelligence | Psychology Todaywww.psychologytoday.com,Artificial Intelligence | Psychology Todaywww.psychologytoday.com  basics  artificial-intelligence,Artificial Intelligence | Psychology Todaywww.psychologytoday.com  basics  artificial-intelligence,Artificial Intelligence | Psychology Todaywww.psychologytoday.com › basics › artificial-intelligence
58,https://www.bcg.com/capabilities/digital-technology-data/artificial-intelligence,AI @ Scale | AI Consulting and Strategy | BCG,AI @ Scale | AI Consulting and Strategy | BCGwww.bcg.com › capabilities › digital-technology-data › artificial-intelligence,AI @ Scale | AI Consulting and Strategy | BCGwww.bcg.com,AI @ Scale | AI Consulting and Strategy | BCGwww.bcg.com  capabilities  digital-technology-data  artificial-intelligence,AI @ Scale | AI Consulting and Strategy | BCGwww.bcg.com  capabilities  digital-technology-data  artificial-intelligence,AI @ Scale | AI Consulting and Strategy | BCGwww.bcg.com › capabilities › digital-technology-data › artificial-intelligence
59,https://www.youtube.com/watch%3Fv%3DLhUAzphBUzc,The Power of Artificial Intelligence - YouTube,The Power of Artificial Intelligence - YouTubewww.youtube.com › watch,The Power of Artificial Intelligence - YouTubewww.youtube.com,The Power of Artificial Intelligence - YouTubewww.youtube.com  watch,The Power of Artificial Intelligence - YouTubewww.youtube.com  watch,The Power of Artificial Intelligence - YouTubewww.youtube.com › watch
60,https://www.mckinsey.com/capabilities/quantumblack/our-insights,Artificial Intelligence Insights & Articles | QuantumBlack - McKinsey,Artificial Intelligence Insights & Articles | QuantumBlack - McKinseywww.mckinsey.com › capabilities › quantumblack › our-insights,Artificial Intelligence Insights & Articles | QuantumBlack - McKinseywww.mckinsey.com,Artificial Intelligence Insights & Articles | QuantumBlack - McKinseywww.mckinsey.com  capabilities  quantumblack  our-insights,Artificial Intelligence Insights & Articles | QuantumBlack - McKinseywww.mckinsey.com  capabilities  quantumblack  our-insights,Artificial Intelligence Insights & Articles | QuantumBlack - McKinseywww.mckinsey.com › capabilities › quantumblack › our-insights
61,https://ocw.mit.edu/courses/6-034-artificial-intelligence-fall-2010/,Artificial Intelligence | Electrical Engineering and Computer Science,Artificial Intelligence | Electrical Engineering and Computer Scienceocw.mit.edu › courses › 6-034-artificial-intelligence-fall-2010,Artificial Intelligence | Electrical Engineering and Computer Scienceocw.mit.edu,Artificial Intelligence | Electrical Engineering and Computer Scienceocw.mit.edu  courses  6-034-artificial-intelligence-fall-2010,Artificial Intelligence | Electrical Engineering and Computer Scienceocw.mit.edu  courses  6-034-artificial-intelligence-fall-2010,Artificial Intelligence | Electrical Engineering and Computer Scienceocw.mit.edu › courses › 6-034-artificial-intelligence-fall-2010
62,https://news.mit.edu/topic/artificial-intelligence2,Artificial intelligence | Massachusetts Institute of Technology,Artificial intelligence | Massachusetts Institute of Technologynews.mit.edu › topic › artificial-intelligence2,Artificial intelligence | Massachusetts Institute of Technologynews.mit.edu,Artificial intelligence | Massachusetts Institute of Technologynews.mit.edu  topic  artificial-intelligence2,Artificial intelligence | Massachusetts Institute of Technologynews.mit.edu  topic  artificial-intelligence2,Artificial intelligence | Massachusetts Institute of Technologynews.mit.edu › topic › artificial-intelligence2
63,https://www.grandviewresearch.com/industry-analysis/artificial-intelligence-ai-market,"Artificial Intelligence Market Size Report, 2022-2030","Artificial Intelligence Market Size Report, 2022-2030www.grandviewresearch.com › Next Generation Technologies","Artificial Intelligence Market Size Report, 2022-2030www.grandviewresearch.com","Artificial Intelligence Market Size Report, 2022-2030www.grandviewresearch.com  Next Generation Technologies","Artificial Intelligence Market Size Report, 2022-2030www.grandviewresearch.com  Next Generation Technologies","Artificial Intelligence Market Size Report, 2022-2030www.grandviewresearch.com › Next Generation Technologies"
64,https://www.thomsonreuters.com/en/artificial-intelligence.html,Artificial Intelligence - Thomson Reuters,Artificial Intelligence - Thomson Reuterswww.thomsonreuters.com › artificial-intelligence,Artificial Intelligence - Thomson Reuterswww.thomsonreuters.com,Artificial Intelligence - Thomson Reuterswww.thomsonreuters.com  artificial-intelligence,Artificial Intelligence - Thomson Reuterswww.thomsonreuters.com  artificial-intelligence,Artificial Intelligence - Thomson Reuterswww.thomsonreuters.com › artificial-intelligence
65,https://bernardmarr.com/what-is-ai/,What is AI? | Bernard Marr,What is AI? | Bernard Marrbernardmarr.com › what-is-ai,What is AI? | Bernard Marrbernardmarr.com,What is AI? | Bernard Marrbernardmarr.com  what-is-ai,What is AI? | Bernard Marrbernardmarr.com  what-is-ai,What is AI? | Bernard Marrbernardmarr.com › what-is-ai
66,https://www.intel.com/content/www/us/en/artificial-intelligence/overview.html,Intel® Artificial Intelligence and Deep Learning Solutions,Intel® Artificial Intelligence and Deep Learning Solutionswww.intel.com › Artificial Intelligence › AI Home,Intel® Artificial Intelligence and Deep Learning Solutionswww.intel.com,Intel® Artificial Intelligence and Deep Learning Solutionswww.intel.com  Artificial Intelligence  AI Home,Intel® Artificial Intelligence and Deep Learning Solutionswww.intel.com  Artificial Intelligence  AI Home,Intel® Artificial Intelligence and Deep Learning Solutionswww.intel.com › Artificial Intelligence › AI Home
67,https://www.delltechnologies.com/en-us/solutions/artificial-intelligence/index.htm,Artificial Intelligence | Dell USA,Artificial Intelligence | Dell USAwww.delltechnologies.com › en-us › solutions › artificial-intelligence,Artificial Intelligence | Dell USAwww.delltechnologies.com,Artificial Intelligence | Dell USAwww.delltechnologies.com  en-us  solutions  artificial-intelligence,Artificial Intelligence | Dell USAwww.delltechnologies.com  en-us  solutions  artificial-intelligence,Artificial Intelligence | Dell USAwww.delltechnologies.com › en-us › solutions › artificial-intelligence
68,https://www.newscientist.com/definition/artificial-intelligence-ai/,What exactly is artificial intelligence (AI)? | New Scientist,What exactly is artificial intelligence (AI)? | New Scientistwww.newscientist.com › definition › artificial-intelligence-ai,What exactly is artificial intelligence (AI)? | New Scientistwww.newscientist.com,What exactly is artificial intelligence (AI)? | New Scientistwww.newscientist.com  definition  artificial-intelligence-ai,What exactly is artificial intelligence (AI)? | New Scientistwww.newscientist.com  definition  artificial-intelligence-ai,What exactly is artificial intelligence (AI)? | New Scientistwww.newscientist.com › definition › artificial-intelligence-ai
69,https://www.tandfonline.com/toc/uaai20/current,"Applied Artificial Intelligence, Volume 36, Issue 1 (2022)","Applied Artificial Intelligence, Volume 36, Issue 1 (2022)www.tandfonline.com › ... › Applied Artificial Intelligence › List of Issues","Applied Artificial Intelligence, Volume 36, Issue 1 (2022)www.tandfonline.com","Applied Artificial Intelligence, Volume 36, Issue 1 (2022)www.tandfonline.com  ...  Applied Artificial Intelligence  List of Issues","Applied Artificial Intelligence, Volume 36, Issue 1 (2022)www.tandfonline.com  ...  Applied Artificial Intelligence  List of Issues","Applied Artificial Intelligence, Volume 36, Issue 1 (2022)www.tandfonline.com › ... › Applied Artificial Intelligence › List of Issues"
70,https://www.forbes.com/sites/forbestechcouncil/2021/10/07/what-is-artificial-intelligence/,What Is Artificial Intelligence? - Forbes,What Is Artificial Intelligence? - Forbeswww.forbes.com › sites › forbestechcouncil › 2021/10/07 › what-is-artifici...,What Is Artificial Intelligence? - Forbeswww.forbes.com,What Is Artificial Intelligence? - Forbeswww.forbes.com  sites  forbestechcouncil  2021/10/07  what-is-artifici...,What Is Artificial Intelligence? - Forbeswww.forbes.com  sites  forbestechcouncil  2021/10/07  what-is-artifici...,What Is Artificial Intelligence? - Forbeswww.forbes.com › sites › forbestechcouncil › 2021/10/07 › what-is-artifici...
71,https://www.ted.com/playlists/310/talks_on_artificial_intelligen,Artificial intelligence | TED Talks,Artificial intelligence | TED Talkswww.ted.com › playlists › talks_on_artificial_intelligen,Artificial intelligence | TED Talkswww.ted.com,Artificial intelligence | TED Talkswww.ted.com  playlists  talks_on_artificial_intelligen,Artificial intelligence | TED Talkswww.ted.com  playlists  talks_on_artificial_intelligen,Artificial intelligence | TED Talkswww.ted.com › playlists › talks_on_artificial_intelligen
72,https://hbr.org/2018/01/artificial-intelligence-for-the-real-world,3 Things AI Can Already Do for Your Company,3 Things AI Can Already Do for Your Companyhbr.org › 2018/01 › artificial-intelligence-for-the-real-world,3 Things AI Can Already Do for Your Companyhbr.org,3 Things AI Can Already Do for Your Companyhbr.org  2018/01  artificial-intelligence-for-the-real-world,3 Things AI Can Already Do for Your Companyhbr.org  2018/01  artificial-intelligence-for-the-real-world,3 Things AI Can Already Do for Your Companyhbr.org › 2018/01 › artificial-intelligence-for-the-real-world
73,https://medium.com/tag/artificial-intelligence,The most insightful stories about Artificial Intelligence - Medium,The most insightful stories about Artificial Intelligence - Mediummedium.com › tag › artificial-intelligence,The most insightful stories about Artificial Intelligence - Mediummedium.com,The most insightful stories about Artificial Intelligence - Mediummedium.com  tag  artificial-intelligence,The most insightful stories about Artificial Intelligence - Mediummedium.com  tag  artificial-intelligence,The most insightful stories about Artificial Intelligence - Mediummedium.com › tag › artificial-intelligence
74,https://www.iberdrola.com/innovation/what-is-artificial-intelligence,What is Artificial Intelligence? - Iberdrola,What is Artificial Intelligence? - Iberdrolawww.iberdrola.com › Inovação › O que é a Inteligência Artificial?,What is Artificial Intelligence? - Iberdrolawww.iberdrola.com,What is Artificial Intelligence? - Iberdrolawww.iberdrola.com  Inovação  O que é a Inteligência Artificial?,What is Artificial Intelligence? - Iberdrolawww.iberdrola.com  Inovação  O que é a Inteligência Artificial?,What is Artificial Intelligence? - Iberdrolawww.iberdrola.com › Inovação › O que é a Inteligência Artificial?
75,https://www.rand.org/topics/artificial-intelligence.html,Artificial Intelligence - RAND Corporation,Artificial Intelligence - RAND Corporationwww.rand.org › topics › artificial-intelligence,Artificial Intelligence - RAND Corporationwww.rand.org,Artificial Intelligence - RAND Corporationwww.rand.org  topics  artificial-intelligence,Artificial Intelligence - RAND Corporationwww.rand.org  topics  artificial-intelligence,Artificial Intelligence - RAND Corporationwww.rand.org › topics › artificial-intelligence
76,https://www.ces.tech/Topics/Robotics-Machine-Intelligence/Artificial-Intelligence.aspx,Artificial Intelligence - CES,Artificial Intelligence - CESwww.ces.tech › Topics › Robotics-Machine-Intelligence › Artificial-Intellig...,Artificial Intelligence - CESwww.ces.tech,Artificial Intelligence - CESwww.ces.tech  Topics  Robotics-Machine-Intelligence  Artificial-Intellig...,Artificial Intelligence - CESwww.ces.tech  Topics  Robotics-Machine-Intelligence  Artificial-Intellig...,Artificial Intelligence - CESwww.ces.tech › Topics › Robotics-Machine-Intelligence › Artificial-Intellig...
77,https://nam.edu/artificial-intelligence-special-publication/,Artificial Intelligence Special Publication,Artificial Intelligence Special Publicationnam.edu › artificial-intelligence-special-publication,Artificial Intelligence Special Publicationnam.edu,Artificial Intelligence Special Publicationnam.edu  artificial-intelligence-special-publication,Artificial Intelligence Special Publicationnam.edu  artificial-intelligence-special-publication,Artificial Intelligence Special Publicationnam.edu › artificial-intelligence-special-publication
78,https://www.npr.org/2022/10/10/1127181418/ai-app-voice-diagnose-disease,AI app could diagnose illnesses based on speech - NPR,AI app could diagnose illnesses based on speech - NPRwww.npr.org › 2022/10/10 › ai-app-voice-diagnose-disease,AI app could diagnose illnesses based on speech - NPRwww.npr.org,AI app could diagnose illnesses based on speech - NPRwww.npr.org  2022/10/10  ai-app-voice-diagnose-disease,AI app could diagnose illnesses based on speech - NPRwww.npr.org  2022/10/10  ai-app-voice-diagnose-disease,AI app could diagnose illnesses based on speech - NPRwww.npr.org › 2022/10/10 › ai-app-voice-diagnose-disease
79,https://www.jair.org/,Journal of Artificial Intelligence Research,Journal of Artificial Intelligence Researchwww.jair.org,Journal of Artificial Intelligence Researchwww.jair.org,Journal of Artificial Intelligence Researchwww.jair.org,Journal of Artificial Intelligence Researchwww.jair.org,Journal of Artificial Intelligence Researchwww.jair.org
80,https://www.nytimes.com/topic/subject/artificial-intelligence,Artificial Intelligence - The New York Times,Artificial Intelligence - The New York Timeswww.nytimes.com › topic › subject › artificial-intelligence,Artificial Intelligence - The New York Timeswww.nytimes.com,Artificial Intelligence - The New York Timeswww.nytimes.com  topic  subject  artificial-intelligence,Artificial Intelligence - The New York Timeswww.nytimes.com  topic  subject  artificial-intelligence,Artificial Intelligence - The New York Timeswww.nytimes.com › topic › subject › artificial-intelligence
81,https://www.philips.com/a-w/about/artificial-intelligence.html,Artificial Intelligence | Philips,Artificial Intelligence | Philipswww.philips.com › about › artificial-intelligence,Artificial Intelligence | Philipswww.philips.com,Artificial Intelligence | Philipswww.philips.com  about  artificial-intelligence,Artificial Intelligence | Philipswww.philips.com  about  artificial-intelligence,Artificial Intelligence | Philipswww.philips.com › about › artificial-intelligence
82,https://www.w3schools.com/ai/,Machine Learning Intro - W3Schools,Machine Learning Intro - W3Schoolswww.w3schools.com › ...,Machine Learning Intro - W3Schoolswww.w3schools.com,Machine Learning Intro - W3Schoolswww.w3schools.com  ...,Machine Learning Intro - W3Schoolswww.w3schools.com  ...,Machine Learning Intro - W3Schoolswww.w3schools.com › ...
83,https://www.cnbc.com/2022/10/08/generative-ai-silicon-valleys-next-trillion-dollar-companies.html,Generative AI: Silicon Valley's next trillion-dollar companies? - CNBC,Generative AI: Silicon Valley's next trillion-dollar companies? - CNBCwww.cnbc.com › 2022/10/08 › generative-ai-silicon-valleys-next-trillion-d...,Generative AI: Silicon Valley's next trillion-dollar companies? - CNBCwww.cnbc.com,Generative AI: Silicon Valley's next trillion-dollar companies? - CNBCwww.cnbc.com  2022/10/08  generative-ai-silicon-valleys-next-trillion-d...,Generative AI: Silicon Valley's next trillion-dollar companies? - CNBCwww.cnbc.com  2022/10/08  generative-ai-silicon-valleys-next-trillion-d...,Generative AI: Silicon Valley's next trillion-dollar companies? - CNBCwww.cnbc.com › 2022/10/08 › generative-ai-silicon-valleys-next-trillion-d...
84,https://www.darpa.mil/program/explainable-artificial-intelligence,Explainable Artificial Intelligence (XAI) - Darpa,Explainable Artificial Intelligence (XAI) - Darpawww.darpa.mil › program › explainable-artificial-intelligence,Explainable Artificial Intelligence (XAI) - Darpawww.darpa.mil,Explainable Artificial Intelligence (XAI) - Darpawww.darpa.mil  program  explainable-artificial-intelligence,Explainable Artificial Intelligence (XAI) - Darpawww.darpa.mil  program  explainable-artificial-intelligence,Explainable Artificial Intelligence (XAI) - Darpawww.darpa.mil › program › explainable-artificial-intelligence
85,https://www.udemy.com/course/artificial-intelligence-az/,Artificial Intelligence A-Z™: Learn How To Build An AI | Udemy,Artificial Intelligence A-Z™: Learn How To Build An AI | Udemywww.udemy.com › Development › Data Science › Artificial Intelligence,Artificial Intelligence A-Z™: Learn How To Build An AI | Udemywww.udemy.com,Artificial Intelligence A-Z™: Learn How To Build An AI | Udemywww.udemy.com  Development  Data Science  Artificial Intelligence,Artificial Intelligence A-Z™: Learn How To Build An AI | Udemywww.udemy.com  Development  Data Science  Artificial Intelligence,Artificial Intelligence A-Z™: Learn How To Build An AI | Udemywww.udemy.com › Development › Data Science › Artificial Intelligence
86,https://www.cisco.com/c/en/us/solutions/artificial-intelligence.html,Artificial Intelligence & Machine Learning - Cisco,Artificial Intelligence & Machine Learning - Ciscowww.cisco.com › solutions › artificial-intelligence,Artificial Intelligence & Machine Learning - Ciscowww.cisco.com,Artificial Intelligence & Machine Learning - Ciscowww.cisco.com  solutions  artificial-intelligence,Artificial Intelligence & Machine Learning - Ciscowww.cisco.com  solutions  artificial-intelligence,Artificial Intelligence & Machine Learning - Ciscowww.cisco.com › solutions › artificial-intelligence
87,https://phys.org/tags/artificial%2Bintelligence/,Artificial intelligence news and latest updates - Phys.org,Artificial intelligence news and latest updates - Phys.orgphys.org › tags › artificial+intelligence,Artificial intelligence news and latest updates - Phys.orgphys.org,Artificial intelligence news and latest updates - Phys.orgphys.org  tags  artificial+intelligence,Artificial intelligence news and latest updates - Phys.orgphys.org  tags  artificial+intelligence,Artificial intelligence news and latest updates - Phys.orgphys.org › tags › artificial+intelligence
88,https://readwrite.com/guide-to-understanding-artificial-intelligence/,Guide To Understanding Artificial Intelligence - ReadWrite,Guide To Understanding Artificial Intelligence - ReadWritereadwrite.com › guide-to-understanding-artificial-intelligence,Guide To Understanding Artificial Intelligence - ReadWritereadwrite.com,Guide To Understanding Artificial Intelligence - ReadWritereadwrite.com  guide-to-understanding-artificial-intelligence,Guide To Understanding Artificial Intelligence - ReadWritereadwrite.com  guide-to-understanding-artificial-intelligence,Guide To Understanding Artificial Intelligence - ReadWritereadwrite.com › guide-to-understanding-artificial-intelligence
89,https://www.defense.gov/Spotlights/Artificial-Intelligence/,Artificial Intelligence - Department of Defense,Artificial Intelligence - Department of Defensewww.defense.gov › Spotlights › Artificial-Intelligence,Artificial Intelligence - Department of Defensewww.defense.gov,Artificial Intelligence - Department of Defensewww.defense.gov  Spotlights  Artificial-Intelligence,Artificial Intelligence - Department of Defensewww.defense.gov  Spotlights  Artificial-Intelligence,Artificial Intelligence - Department of Defensewww.defense.gov › Spotlights › Artificial-Intelligence
90,https://cloud.google.com/learn/what-is-artificial-intelligence,What Is Artificial Intelligence (AI)? | Google Cloud,What Is Artificial Intelligence (AI)? | Google Cloudcloud.google.com › learn › what-is-artificial-intelligence,What Is Artificial Intelligence (AI)? | Google Cloudcloud.google.com,What Is Artificial Intelligence (AI)? | Google Cloudcloud.google.com  learn  what-is-artificial-intelligence,What Is Artificial Intelligence (AI)? | Google Cloudcloud.google.com  learn  what-is-artificial-intelligence,What Is Artificial Intelligence (AI)? | Google Cloudcloud.google.com › learn › what-is-artificial-intelligence
91,https://www.coursera.org/courses%3Fquery%3Dartificial%2520intelligence,Best Artificial Intelligence Courses & Certifications [2022] | Coursera,Best Artificial Intelligence Courses & Certifications [2022] | Courserawww.coursera.org › courses › query=artificial intelligence,Best Artificial Intelligence Courses & Certifications [2022] | Courserawww.coursera.org,Best Artificial Intelligence Courses & Certifications [2022] | Courserawww.coursera.org  courses  query=artificial intelligence,Best Artificial Intelligence Courses & Certifications [2022] | Courserawww.coursera.org  courses  query=artificial intelligence,Best Artificial Intelligence Courses & Certifications [2022] | Courserawww.coursera.org › courses › query=artificial intelligence
92,https://scienceexchange.caltech.edu/topics/artificial-intelligence-research,Artificial Intelligence Research | AI Research | Caltech Science ...,Artificial Intelligence Research | AI Research | Caltech Science ...scienceexchange.caltech.edu › topics › artificial-intelligence-research,Artificial Intelligence Research | AI Research | Caltech Science ...scienceexchange.caltech.edu,Artificial Intelligence Research | AI Research | Caltech Science ...scienceexchange.caltech.edu  topics  artificial-intelligence-research,Artificial Intelligence Research | AI Research | Caltech Science ...scienceexchange.caltech.edu  topics  artificial-intelligence-research,Artificial Intelligence Research | AI Research | Caltech Science ...scienceexchange.caltech.edu › topics › artificial-intelligence-research
93,https://www.foxbusiness.com/category/artificial-intelligence,Artificial intelligence | Category - Fox Business,Artificial intelligence | Category - Fox Businesswww.foxbusiness.com › category › artificial-intelligence,Artificial intelligence | Category - Fox Businesswww.foxbusiness.com,Artificial intelligence | Category - Fox Businesswww.foxbusiness.com  category  artificial-intelligence,Artificial intelligence | Category - Fox Businesswww.foxbusiness.com  category  artificial-intelligence,Artificial intelligence | Category - Fox Businesswww.foxbusiness.com › category › artificial-intelligence
94,https://www.usnews.com/best-graduate-schools/top-science-schools/artificial-intelligence-rankings,Best Artificial Intelligence Programs - Top Science Schools,Best Artificial Intelligence Programs - Top Science Schoolswww.usnews.com › Education › Grad Schools › Best Science Schools,Best Artificial Intelligence Programs - Top Science Schoolswww.usnews.com,Best Artificial Intelligence Programs - Top Science Schoolswww.usnews.com  Education  Grad Schools  Best Science Schools,Best Artificial Intelligence Programs - Top Science Schoolswww.usnews.com  Education  Grad Schools  Best Science Schools,Best Artificial Intelligence Programs - Top Science Schoolswww.usnews.com › Education › Grad Schools › Best Science Schools
95,https://www.nextgov.com/topic/artificial-intelligence/,Artificial Intelligence - Nextgov,Artificial Intelligence - Nextgovwww.nextgov.com › topic › artificial-intelligence,Artificial Intelligence - Nextgovwww.nextgov.com,Artificial Intelligence - Nextgovwww.nextgov.com  topic  artificial-intelligence,Artificial Intelligence - Nextgovwww.nextgov.com  topic  artificial-intelligence,Artificial Intelligence - Nextgovwww.nextgov.com › topic › artificial-intelligence
96,https://www.pwc.com/gx/en/issues/data-and-analytics/publications/artificial-intelligence-study.html,PwC's Global Artificial Intelligence Study: Sizing the prize,PwC's Global Artificial Intelligence Study: Sizing the prizewww.pwc.com › issues › data-and-analytics › publications › artificial-intelli...,PwC's Global Artificial Intelligence Study: Sizing the prizewww.pwc.com,PwC's Global Artificial Intelligence Study: Sizing the prizewww.pwc.com  issues  data-and-analytics  publications  artificial-intelli...,PwC's Global Artificial Intelligence Study: Sizing the prizewww.pwc.com  issues  data-and-analytics  publications  artificial-intelli...,PwC's Global Artificial Intelligence Study: Sizing the prizewww.pwc.com › issues › data-and-analytics › publications › artificial-intelli...
97,https://singularityhub.com/tag/artificial-intelligence/,Artificial Intelligence Archives - Singularity Hub,Artificial Intelligence Archives - Singularity Hubsingularityhub.com › tag › artificial-intelligence,Artificial Intelligence Archives - Singularity Hubsingularityhub.com,Artificial Intelligence Archives - Singularity Hubsingularityhub.com  tag  artificial-intelligence,Artificial Intelligence Archives - Singularity Hubsingularityhub.com  tag  artificial-intelligence,Artificial Intelligence Archives - Singularity Hubsingularityhub.com › tag › artificial-intelligence
98,https://www.nscai.gov/,National Security Commission on Artificial Intelligence,National Security Commission on Artificial Intelligencewww.nscai.gov,National Security Commission on Artificial Intelligencewww.nscai.gov,National Security Commission on Artificial Intelligencewww.nscai.gov,National Security Commission on Artificial Intelligencewww.nscai.gov,National Security Commission on Artificial Intelligencewww.nscai.gov
99,https://towardsdatascience.com/advantages-and-disadvantages-of-artificial-intelligence-182a5ef6588c,Advantages and Disadvantages of Artificial Intelligence,Advantages and Disadvantages of Artificial Intelligencetowardsdatascience.com › advantages-and-disadvantages-of-artificial-intelli...,Advantages and Disadvantages of Artificial Intelligencetowardsdatascience.com,Advantages and Disadvantages of Artificial Intelligencetowardsdatascience.com  advantages-and-disadvantages-of-artificial-intelli...,Advantages and Disadvantages of Artificial Intelligencetowardsdatascience.com  advantages-and-disadvantages-of-artificial-intelli...,Advantages and Disadvantages of Artificial Intelligencetowardsdatascience.com › advantages-and-disadvantages-of-artificial-intelli...
